TargetUser,OtherUser,PearsonSimilarity,CommonItems
A1ER5AYS3FQ9O3,A2JCJJNY43QQIV,0.0,3
A1ER5AYS3FQ9O3,AM9APPMIE1BHZ,1.0,3
A1ER5AYS3FQ9O3,A37PV5GMP2ILJC,0.0,2
A1ER5AYS3FQ9O3,A259HHYBP6ZNJ3,0.0,2
A1ER5AYS3FQ9O3,A680RUE1FDO8B,0.0,2
A1ER5AYS3FQ9O3,A7EJERNB7IK3Z,0.0,2
A1ER5AYS3FQ9O3,A1S3FOP19D8W1X,0.0,2
A1ER5AYS3FQ9O3,A3V6QSTG2T9MIO,0.0,2
A1ER5AYS3FQ9O3,ADLVFFE4VBT8,0.0,2
A1ER5AYS3FQ9O3,A1VQHH85U7PX0,1.0,2
A1ER5AYS3FQ9O3,A1KZMSXC9JOI7Q,0.0,2
A1ER5AYS3FQ9O3,A3CW0ZLUO5X2B1,0.0,2
A1ER5AYS3FQ9O3,A3HRDRQ5VAFPQS,0.0,2
A1ER5AYS3FQ9O3,A2WB7LZ595CR50,-1.0,2
A1ER5AYS3FQ9O3,A3OXHLG6DIBRW8,0.0,3
A1ER5AYS3FQ9O3,ASY25YMTIC2A9,0.87,3
A1ER5AYS3FQ9O3,AHNHLGKIZ2N3B,0.0,2
A1ER5AYS3FQ9O3,A3V6Z4RCDGRC44,1.0,3
A1ER5AYS3FQ9O3,A235UFZGCFN3J5,0.0,2
A1ER5AYS3FQ9O3,AGA7LFNS3YUXC,0.0,2
A1ER5AYS3FQ9O3,A19W47CXJJP1MI,0.0,2
A1ER5AYS3FQ9O3,AWPODHOB4GFWL,0.0,2
A1ER5AYS3FQ9O3,A10ZBR6O8S8OCY,0.0,2
A1ER5AYS3FQ9O3,A20DDH4NT6Q1E8,0.0,2
A1ER5AYS3FQ9O3,A32O5FZH994CNY,-1.0,3
A1ER5AYS3FQ9O3,A35X2JJI49OBZP,0.0,2
A1ER5AYS3FQ9O3,A2PSC7LUNIDEAH,0.0,2
A1ER5AYS3FQ9O3,A1VLVWTLV3LVHR,0.0,2
A1ER5AYS3FQ9O3,A2P4YA02LH6N12,0.0,2
A1ER5AYS3FQ9O3,AFFVUZEGP1FDQ,0.0,2
A1ER5AYS3FQ9O3,A1U7LS93I03MFW,1.0,2
A1ER5AYS3FQ9O3,AMRMK86X3PKXD,-1.0,2
A1ER5AYS3FQ9O3,AYNAH993VDECT,0.0,2
A1ER5AYS3FQ9O3,AXP8GO5Q3AXSA,0.0,2
A1ER5AYS3FQ9O3,A3FZ0O8COAW8KX,0.0,2
A1ER5AYS3FQ9O3,A2QDOJFFLFGF18,1.0,2
A1ER5AYS3FQ9O3,A1Q7A78VSQ5GQ4,0.0,2
A1ER5AYS3FQ9O3,A2NICGGIGIFU22,0.0,2
A1ER5AYS3FQ9O3,A1X9J1681131IO,0.0,2
A1ER5AYS3FQ9O3,A1A535TCGNMVPI,0.0,2
A1ER5AYS3FQ9O3,A2WZAANHW8G0P8,0.0,2
A1ER5AYS3FQ9O3,AB3D3IQZCMGDL,0.0,2
A1ER5AYS3FQ9O3,A2DPSV4CTHV3YA,0.0,2
A1ER5AYS3FQ9O3,A2LZBTZH4K7VLR,0.0,2
A1ER5AYS3FQ9O3,A3SEBFKE82AFF0,1.0,2
A1ER5AYS3FQ9O3,A1P1UEH9PMSHXG,0.0,2
A1ER5AYS3FQ9O3,A26V7K8SXXJQRE,0.0,2
A1ER5AYS3FQ9O3,A36JO8IHKYBMMJ,0.0,2
A1ER5AYS3FQ9O3,A240FRPD4MEXND,1.0,3
A1ER5AYS3FQ9O3,AJ9AE2BVND0GS,0.0,2
A1ER5AYS3FQ9O3,A1F92EK0MUNOVR,0.0,2
A1ER5AYS3FQ9O3,A3PEOF0GX4EN38,0.0,2
A1ER5AYS3FQ9O3,A2BPW6VO14ZJ9N,0.0,2
A1ER5AYS3FQ9O3,A3AUL23GMCOP2A,0.0,2
A1ER5AYS3FQ9O3,AWPN47SSWK1JV,1.0,3
A1ER5AYS3FQ9O3,A22TR1K73XLREH,0.0,2
A1ER5AYS3FQ9O3,A1WY0YUS6QUQZ1,0.0,2
A1ER5AYS3FQ9O3,A15DOMNJ4RME4Z,0.0,2
A1ER5AYS3FQ9O3,A3R19YKNL641X3,0.58,4
A1ER5AYS3FQ9O3,A16YMCFWGSFGS9,1.0,2
A1ER5AYS3FQ9O3,A3HDUVH6N1CCF1,0.0,2
A1ER5AYS3FQ9O3,ABK0V7DLYO5NU,0.0,2
A1ER5AYS3FQ9O3,A32WDBGM8L5WBR,1.0,2
A1ER5AYS3FQ9O3,A2GP6XJ1V3MM3L,0.0,2
A1ER5AYS3FQ9O3,AL4SB31UAZLXL,0.0,2
A1ER5AYS3FQ9O3,A1KEK09ZA6J9P8,0.0,2
A1ER5AYS3FQ9O3,AJKWF4W7QD4NS,0.0,2
A1ER5AYS3FQ9O3,A2RUN9WBD5H23R,-1.0,2
A1ER5AYS3FQ9O3,A316XO4RWX21YN,0.0,2
A1ER5AYS3FQ9O3,A1AL4V6YVM9OHS,0.0,2
A1ER5AYS3FQ9O3,A5K5DIDKAML5C,0.0,2
A1ER5AYS3FQ9O3,A2CVXUY1EYQGGA,1.0,3
A1ER5AYS3FQ9O3,A36AIK1DQPSRNT,0.0,2
A1ER5AYS3FQ9O3,AW8ESDU0C82O0,-1.0,2
A1ER5AYS3FQ9O3,A10AAULK3SQEK1,0.0,2
A1ER5AYS3FQ9O3,A6VPK7X53QNAQ,0.0,2
A1ER5AYS3FQ9O3,A2J0NZ7LMOO8ZR,0.0,2
A1ER5AYS3FQ9O3,A28N2AWOVO2PB,0.0,2
A1ER5AYS3FQ9O3,A1H37RIL09BS4D,0.0,2
A1ER5AYS3FQ9O3,AE12AEJFCOGGY,0.0,3
A1ER5AYS3FQ9O3,A1XDMYX8QOW07N,0.0,2
A1ER5AYS3FQ9O3,A19YOYY7FLQMA6,1.0,2
A1ER5AYS3FQ9O3,A2CWIYIETNBAK3,0.0,2
A1ER5AYS3FQ9O3,A11B61QBGHLQDN,0.0,2
A1ER5AYS3FQ9O3,AQCJWSMSURQI2,0.0,2
A1ER5AYS3FQ9O3,A1484U2Y4YFX2R,0.0,2
A1ER5AYS3FQ9O3,A32GK89C999834,0.0,2
A1ER5AYS3FQ9O3,A18DQ9ZJOPUWCO,0.0,2
A1ER5AYS3FQ9O3,A3OFR6PMLQZXGQ,0.0,2
A1ER5AYS3FQ9O3,A3LY8LCT1QE8I1,0.0,2
A1ER5AYS3FQ9O3,A1D6PWUMDY9F7V,-1.0,3
A1ER5AYS3FQ9O3,ARC41G0OK4HA5,0.0,2
A1ER5AYS3FQ9O3,A3AYSYSLHU26U9,0.0,2
A1ER5AYS3FQ9O3,A1ZLRZ3XIGNRNJ,0.0,2
A1ER5AYS3FQ9O3,A28YUFBI33QZ28,1.0,2
A1ER5AYS3FQ9O3,A2TNAFIVKHR2I3,0.0,2
A1ER5AYS3FQ9O3,AKDYG1DVWLBAP,0.0,2
A1ER5AYS3FQ9O3,A3AWV00ZU7MSK1,0.0,2
A1ER5AYS3FQ9O3,A25Z1ZI8QZ852J,0.0,2
A1ER5AYS3FQ9O3,A2YPB8IOEU10XJ,0.0,2
A1ER5AYS3FQ9O3,A65C6U301OM6A,-1.0,2
A1ER5AYS3FQ9O3,A3KOAAHCI18FKI,0.0,2
A1ER5AYS3FQ9O3,A2TUD0VXUTNO7N,0.0,2
A1ER5AYS3FQ9O3,A33B6W7LV7QXRU,0.0,2
A1ER5AYS3FQ9O3,AVEP0RMYJMG1V,0.0,2
